{
  "indexes": [
    {
      "collectionGroup": "order",
      "queryScope": "COLLECTION",
      "fields": [
        {
          "fieldPath": "publicuser_ref",
          "order": "ASCENDING"
        },
        {
          "fieldPath": "date",
          "order": "DESCENDING"
        }
      ]
    },
    {
      "collectionGroup": "order",
      "queryScope": "COLLECTION",
      "fields": [
        {
          "fieldPath": "user_ref",
          "order": "ASCENDING"
        },
        {
          "fieldPath": "date",
          "order": "DESCENDING"
        }
      ]
    },
    {
      "collectionGroup": "user_ratings",
      "queryScope": "COLLECTION",
      "fields": [
        {
          "fieldPath": "rated_user",
          "order": "ASCENDING"
        },
        {
          "fieldPath": "date",
          "order": "DESCENDING"
        }
      ]
    },
    {
      "collectionGroup": "submission",
      "queryScope": "COLLECTION",
      "fields": [
        {
          "fieldPath": "poster",
          "order": "ASCENDING"
        },
        {
          "fieldPath": "type_object",
          "order": "ASCENDING"
        },
        {
          "fieldPath": "date",
          "order": "DESCENDING"
        }
      ]
    },
    {
      "collectionGroup": "transactions",
      "queryScope": "COLLECTION",
      "fields": [
        {
          "fieldPath": "user_madeby",
          "order": "ASCENDING"
        },
        {
          "fieldPath": "date",
          "order": "DESCENDING"
        }
      ]
    },
    {
      "collectionGroup": "transactions",
      "queryScope": "COLLECTION",
      "fields": [
        {
          "fieldPath": "user_madeto",
          "order": "ASCENDING"
        },
        {
          "fieldPath": "date",
          "order": "DESCENDING"
        }
      ]
    },
    {
      "collectionGroup": "submission",
      "queryScope": "COLLECTION",
      "fields": [
        {
          "fieldPath": "thread",
          "arrayConfig": "CONTAINS"
        },
        {
          "fieldPath": "date",
          "order": "DESCENDING"
        }
      ]
    }
  ]
}